age,job,marital,education,default,balance,housing,loan,contact,day,month,duration,campaign,pdays,previous,poutcome,Will subscribe a term deposit(yes/no)
44,management,single,tertiary,no,-1313,yes,yes,cellular,15,may,104,10,-1,0,unknown,no
49,blue-collar,married,primary,no,371,yes,no,cellular,31,jul,18,44,-1,0,unknown,no
33,blue-collar,divorced,primary,no,636,yes,no,cellular,9,jul,211,11,-1,0,unknown,no
48,unemployed,divorced,secondary,no,1266,yes,no,telephone,3,feb,45,1,-1,0,unknown,no
55,retired,married,primary,no,8894,no,no,unknown,11,jun,262,1,-1,0,unknown,no
32,student,married,secondary,no,1694,yes,no,cellular,28,jan,929,1,-1,0,unknown,no
33,admin,married,tertiary,no,79,yes,no,cellular,22,oct,249,2,335,2,failure,no
27,blue-collar,single,primary,no,1128,yes,no,unknown,30,jun,88,4,-1,0,unknown,no
57,blue-collar,married,primary,no,179,no,no,unknown,9,jun,230,3,-1,0,unknown,no
40,services,married,secondary,no,0,no,no,unknown,12,jun,543,2,-1,0,unknown,no
40,management,married,tertiary,no,60,no,no,unknown,16,jun,172,6,-1,0,unknown,no
52,admin,single,primary,no,0,no,no,unknown,19,may,182,11,-1,0,unknown,no
44,blue-collar,married,primary,no,271,yes,yes,unknown,9,may,94,1,-1,0,unknown,no
33,blue-collar,married,secondary,no,86,yes,no,unknown,19,may,364,1,-1,0,unknown,no
45,blue-collar,married,primary,no,419,no,no,cellular,18,aug,113,4,-1,0,unknown,no
45,blue-collar,married,primary,no,0,no,no,cellular,26,aug,454,2,-1,0,unknown,no
34,entrepreneur,married,tertiary,no,475,yes,yes,cellular,9,jul,1156,1,-1,0,unknown,no
49,admin,married,primary,no,169,yes,no,cellular,15,may,82,3,-1,0,unknown,no
40,services,married,secondary,no,9374,yes,no,cellular,21,nov,7,8,185,1,failure,no
30,admin,single,tertiary,no,305,no,no,cellular,30,apr,633,1,85,2,success,yes
48,management,married,tertiary,no,1167,yes,yes,cellular,1,jun,264,1,-1,0,unknown,no
46,entrepreneur,married,secondary,no,757,no,no,unknown,16,jun,382,3,-1,0,unknown,no
51,management,married,secondary,no,3180,yes,no,cellular,9,jul,384,1,-1,0,unknown,no
45,technician,married,secondary,no,2571,no,no,unknown,18,jun,146,2,-1,0,unknown,no
27,services,divorced,secondary,no,10,yes,no,cellular,22,jul,527,1,-1,0,unknown,no
28,blue-collar,married,secondary,no,1020,yes,no,unknown,28,may,251,1,-1,0,unknown,no
66,retired,married,tertiary,no,2262,no,no,cellular,22,apr,155,1,-1,0,unknown,no
59,retired,married,secondary,no,1173,no,no,unknown,9,jun,77,2,-1,0,unknown,no
30,housemaid,single,secondary,no,1924,no,no,cellular,6,feb,170,1,-1,0,unknown,no
29,management,single,tertiary,no,572,no,no,cellular,16,dec,314,1,195,1,success,yes
31,self-employed,married,tertiary,no,1134,no,no,cellular,6,feb,174,2,-1,0,unknown,no
36,admin,single,tertiary,no,980,no,no,cellular,11,nov,118,4,104,7,failure,no
33,blue-collar,married,secondary,no,-77,yes,no,cellular,28,jul,151,3,-1,0,unknown,no
31,technician,single,secondary,no,1014,yes,no,cellular,23,jul,158,4,-1,0,unknown,no
32,technician,single,tertiary,no,1625,no,no,cellular,22,may,796,1,109,1,failure,no
49,technician,married,tertiary,no,3726,no,no,cellular,5,aug,875,2,-1,0,unknown,no
53,admin,married,secondary,no,225,yes,no,cellular,20,apr,304,1,340,1,failure,no
35,blue-collar,married,secondary,no,-339,yes,no,unknown,8,may,389,2,-1,0,unknown,no
57,admin,married,secondary,no,808,no,no,cellular,14,jul,417,3,-1,0,unknown,no
31,blue-collar,married,secondary,no,1243,yes,no,unknown,21,may,32,1,-1,0,unknown,no
60,blue-collar,married,unknown,no,104,yes,no,unknown,5,may,22,1,-1,0,unknown,no
43,blue-collar,married,primary,no,60,no,no,cellular,8,may,487,2,367,2,other,no
46,admin,married,secondary,no,556,yes,yes,unknown,15,may,646,3,-1,0,unknown,no
59,blue-collar,divorced,secondary,no,3573,no,no,cellular,15,may,44,1,-1,0,unknown,no
37,blue-collar,married,primary,no,543,yes,no,unknown,21,may,281,1,-1,0,unknown,no
28,admin,single,secondary,no,26,yes,no,cellular,7,may,227,2,-1,0,unknown,no
41,blue-collar,single,secondary,no,75,yes,no,unknown,1,jul,479,9,-1,0,unknown,no
53,management,married,tertiary,no,12,no,no,cellular,27,aug,345,10,-1,0,unknown,no
28,admin,single,secondary,no,775,no,no,cellular,29,jan,603,2,-1,0,unknown,no
30,blue-collar,single,secondary,yes,447,no,no,unknown,14,may,103,6,-1,0,unknown,no
38,services,single,secondary,no,2253,yes,no,cellular,13,may,937,3,-1,0,unknown,no
22,admin,single,secondary,no,4111,no,yes,cellular,19,aug,65,1,-1,0,unknown,no
30,admin,single,tertiary,no,261,no,no,cellular,19,oct,233,1,137,20,failure,no
50,technician,married,secondary,no,0,no,no,cellular,7,jul,152,2,-1,0,unknown,no
40,technician,married,tertiary,no,0,no,no,cellular,19,aug,44,1,-1,0,unknown,no
29,admin,single,secondary,no,1448,no,no,cellular,10,mar,217,1,184,7,other,no
29,services,single,secondary,no,209,yes,no,cellular,28,jul,487,7,-1,0,unknown,no
47,blue-collar,married,secondary,no,1996,no,no,unknown,5,jun,761,2,-1,0,unknown,no
33,unemployed,married,tertiary,no,302,yes,yes,cellular,16,apr,670,1,-1,0,unknown,no
38,blue-collar,married,secondary,no,284,yes,yes,unknown,3,jun,1030,6,-1,0,unknown,no
31,blue-collar,married,unknown,no,-120,yes,no,cellular,17,jul,231,2,-1,0,unknown,no
57,technician,married,unknown,no,206,yes,no,unknown,5,may,216,3,-1,0,unknown,no
49,services,married,secondary,no,400,no,no,cellular,21,aug,151,3,-1,0,unknown,no
49,services,married,secondary,no,5673,no,yes,cellular,4,aug,357,3,-1,0,unknown,no
53,admin,married,secondary,no,105,no,yes,cellular,21,aug,74,2,-1,0,unknown,no
36,blue-collar,single,secondary,no,219,yes,yes,cellular,11,may,270,2,347,1,failure,no
32,services,single,secondary,no,182,yes,no,cellular,6,may,145,1,-1,0,unknown,no
47,self-employed,married,tertiary,no,2303,yes,no,cellular,6,may,323,2,364,1,failure,no
51,retired,married,secondary,no,35,no,yes,cellular,8,jul,123,4,-1,0,unknown,no
26,management,single,tertiary,no,592,no,no,telephone,29,jan,145,2,164,1,other,no
43,unemployed,married,secondary,no,3529,no,no,cellular,5,feb,169,2,-1,0,unknown,no
44,management,married,tertiary,no,795,no,no,cellular,28,aug,99,24,-1,0,unknown,no
59,retired,married,secondary,no,5706,yes,no,cellular,25,jul,471,2,-1,0,unknown,no
46,blue-collar,married,secondary,no,781,no,no,unknown,13,may,152,1,-1,0,unknown,no
37,technician,married,secondary,no,2707,yes,no,telephone,16,jul,109,1,-1,0,unknown,no
48,blue-collar,married,unknown,no,131,yes,no,unknown,6,may,189,1,-1,0,unknown,no
48,admin,married,secondary,no,112,no,no,cellular,18,aug,139,5,-1,0,unknown,no
40,entrepreneur,married,secondary,no,1416,yes,no,unknown,14,may,210,2,-1,0,unknown,no
37,blue-collar,single,primary,no,851,yes,no,cellular,15,may,151,1,352,1,failure,no
35,blue-collar,single,tertiary,no,0,yes,no,cellular,21,jul,262,4,-1,0,unknown,no
46,management,married,tertiary,no,273,yes,no,cellular,18,mar,910,2,184,4,success,yes
48,blue-collar,married,secondary,no,425,yes,no,telephone,9,jul,693,2,-1,0,unknown,no
32,management,single,tertiary,no,656,yes,yes,cellular,20,apr,148,2,-1,0,unknown,no
32,management,married,tertiary,no,820,yes,no,cellular,17,jul,738,3,-1,0,unknown,no
35,technician,single,secondary,no,2,no,no,cellular,11,aug,239,4,-1,0,unknown,no
35,self-employed,married,tertiary,no,560,yes,no,cellular,2,apr,58,1,136,1,failure,no
35,management,married,secondary,no,839,yes,no,unknown,23,may,50,3,-1,0,unknown,no
37,management,married,tertiary,no,4089,yes,no,cellular,2,feb,289,2,174,4,other,no
35,blue-collar,married,secondary,no,305,yes,no,cellular,18,may,7,7,367,25,failure,no
34,admin,married,secondary,no,2374,yes,no,cellular,9,nov,161,1,209,2,failure,no
34,management,single,tertiary,no,618,yes,no,unknown,3,jun,119,4,-1,0,unknown,no
32,technician,married,tertiary,no,396,yes,no,cellular,13,may,205,3,-1,0,unknown,no
34,management,single,tertiary,no,340,yes,no,unknown,3,jun,633,28,-1,0,unknown,no
41,blue-collar,married,secondary,no,641,yes,no,unknown,13,may,161,1,-1,0,unknown,no
58,retired,married,primary,no,4007,no,no,cellular,30,nov,598,4,-1,0,unknown,no
34,admin,married,secondary,no,247,no,no,cellular,8,oct,401,2,-1,0,unknown,no
58,retired,married,secondary,no,14412,no,no,cellular,18,nov,297,1,-1,0,unknown,no
49,blue-collar,divorced,unknown,no,39,yes,no,cellular,13,may,27,5,-1,0,unknown,no
48,management,married,secondary,no,4415,yes,no,cellular,8,apr,1032,3,141,7,failure,no
43,self-employed,single,tertiary,no,0,no,no,unknown,19,jun,147,1,-1,0,unknown,no
55,blue-collar,married,primary,no,145,no,no,telephone,2,feb,59,3,5,2,other,no
46,blue-collar,married,primary,no,91,yes,no,cellular,6,may,29,1,356,2,failure,no
50,unemployed,divorced,secondary,no,32,no,no,cellular,4,aug,282,2,-1,0,unknown,no
45,entrepreneur,married,tertiary,no,0,yes,no,cellular,29,jul,100,3,-1,0,unknown,no
73,retired,married,primary,no,1388,no,no,cellular,20,jul,146,3,190,3,success,yes
33,technician,married,secondary,no,181,yes,yes,telephone,28,jul,265,2,-1,0,unknown,no
33,unknown,married,secondary,no,2727,no,no,cellular,6,aug,205,3,-1,0,unknown,no
27,technician,single,tertiary,no,3083,yes,no,unknown,29,may,244,2,-1,0,unknown,no
33,blue-collar,single,primary,no,599,yes,no,unknown,21,may,29,1,-1,0,unknown,no
41,management,divorced,tertiary,no,369,yes,no,telephone,22,aug,9,3,-1,0,unknown,no
32,admin,married,secondary,no,3540,yes,no,cellular,18,may,213,1,178,1,failure,no
62,housemaid,married,secondary,no,565,no,no,cellular,4,sep,123,3,-1,0,unknown,no
47,management,divorced,tertiary,no,1149,no,yes,cellular,15,jul,82,2,-1,0,unknown,no
56,technician,married,secondary,no,4073,no,no,cellular,27,aug,239,5,-1,0,unknown,no
40,admin,married,secondary,no,168,yes,no,cellular,7,may,249,2,169,1,failure,no
34,management,single,tertiary,no,-292,yes,no,cellular,19,aug,181,6,-1,0,unknown,no
32,technician,married,tertiary,no,-1053,yes,no,cellular,21,jul,357,3,-1,0,unknown,no
58,blue-collar,divorced,secondary,no,314,no,no,unknown,25,jun,67,2,-1,0,unknown,no
42,blue-collar,married,secondary,no,-921,yes,no,unknown,26,may,115,2,-1,0,unknown,no
31,blue-collar,married,secondary,no,1766,no,yes,cellular,5,jun,166,2,-1,0,unknown,no
40,technician,married,secondary,no,694,yes,no,cellular,4,feb,97,4,196,5,failure,no
38,technician,married,secondary,no,821,yes,yes,cellular,17,nov,224,2,180,1,failure,no
48,technician,married,tertiary,no,310,no,no,unknown,6,may,135,1,-1,0,unknown,no
21,student,single,secondary,no,6844,no,no,cellular,14,aug,126,3,127,7,other,no
38,technician,single,tertiary,no,221,no,no,cellular,20,aug,79,3,-1,0,unknown,no
36,blue-collar,married,secondary,no,-206,yes,no,unknown,8,may,177,2,-1,0,unknown,no
32,technician,divorced,tertiary,no,267,no,no,cellular,26,may,128,1,-1,0,unknown,no
61,retired,married,secondary,no,2917,no,no,cellular,6,oct,215,1,-1,0,unknown,no
55,management,divorced,tertiary,no,1598,no,no,cellular,22,aug,607,4,-1,0,unknown,no
41,technician,married,tertiary,no,744,yes,no,unknown,14,may,125,1,-1,0,unknown,no
55,technician,single,tertiary,no,-703,yes,no,cellular,8,may,123,3,-1,0,unknown,no
38,technician,single,secondary,no,-242,yes,no,cellular,18,may,1173,3,278,6,success,no
42,unemployed,married,secondary,no,1289,no,no,cellular,15,jul,250,4,415,2,failure,no
45,technician,married,secondary,no,1415,yes,no,cellular,17,nov,483,1,116,1,failure,no
37,unemployed,married,secondary,no,1978,no,no,cellular,9,sep,404,1,182,1,success,yes
32,technician,married,secondary,no,266,yes,no,cellular,19,aug,168,2,-1,0,unknown,no
43,self-employed,married,secondary,no,104,no,no,unknown,17,jun,332,1,-1,0,unknown,no
61,management,married,tertiary,no,6016,no,no,cellular,2,feb,670,3,-1,0,unknown,no
33,admin,married,secondary,no,353,yes,no,cellular,19,nov,107,2,-1,0,unknown,no
32,management,single,tertiary,no,347,yes,no,cellular,18,may,213,1,264,6,failure,no
38,admin,single,secondary,no,-23,no,no,cellular,20,nov,48,2,-1,0,unknown,no
44,self-employed,single,tertiary,no,2734,yes,no,cellular,12,may,897,4,-1,0,unknown,no
37,management,divorced,tertiary,no,168,yes,no,unknown,5,jun,227,1,-1,0,unknown,no
36,technician,married,secondary,no,480,no,no,cellular,20,oct,213,1,-1,0,unknown,no
37,management,married,tertiary,no,767,no,yes,cellular,2,feb,204,1,-1,0,unknown,no
28,student,single,secondary,no,378,yes,no,cellular,17,apr,346,1,-1,0,unknown,no
57,self-employed,married,secondary,no,35,no,yes,unknown,26,jun,215,3,-1,0,unknown,no
32,self-employed,married,tertiary,no,189,yes,no,unknown,6,jun,106,2,-1,0,unknown,no
53,technician,married,tertiary,no,431,yes,no,unknown,11,jun,74,1,-1,0,unknown,no
58,management,married,secondary,no,139,no,no,cellular,27,may,188,1,161,2,other,no
43,management,married,tertiary,no,348,no,yes,cellular,15,jul,88,3,-1,0,unknown,no
51,blue-collar,married,primary,no,3726,no,yes,cellular,27,aug,119,12,-1,0,unknown,no
56,housemaid,divorced,primary,yes,1238,no,no,unknown,5,jun,1558,1,-1,0,unknown,no
48,housemaid,married,primary,no,7195,no,no,cellular,21,nov,609,2,-1,0,unknown,no
49,blue-collar,married,primary,no,365,no,no,unknown,26,may,59,2,-1,0,unknown,no
42,blue-collar,married,primary,no,1520,yes,no,cellular,5,feb,115,1,-1,0,unknown,no
33,entrepreneur,married,primary,no,82,yes,no,cellular,18,nov,63,2,-1,0,unknown,no
35,management,married,tertiary,no,3161,no,no,cellular,8,aug,433,2,-1,0,unknown,no
46,services,married,secondary,no,451,yes,yes,cellular,13,may,389,4,-1,0,unknown,no
37,admin,single,tertiary,no,2317,yes,no,cellular,20,apr,114,1,152,2,failure,no
31,admin,married,secondary,no,88,yes,yes,cellular,8,aug,189,2,-1,0,unknown,no
32,management,married,tertiary,no,1390,no,no,cellular,7,aug,116,2,-1,0,unknown,no
38,technician,married,tertiary,no,432,yes,no,cellular,15,may,10,2,373,1,other,no
41,services,divorced,secondary,no,787,yes,no,cellular,8,may,297,2,-1,0,unknown,no
27,student,single,secondary,no,671,yes,no,unknown,7,may,332,2,-1,0,unknown,no
24,services,married,secondary,no,4500,yes,no,cellular,11,may,733,2,-1,0,unknown,no
35,blue-collar,married,primary,no,3587,yes,no,unknown,30,may,148,4,-1,0,unknown,no
43,blue-collar,married,primary,no,7343,yes,no,unknown,2,jun,217,4,-1,0,unknown,no
34,management,married,tertiary,no,4831,yes,no,cellular,4,feb,265,1,-1,0,unknown,no
32,blue-collar,married,secondary,no,0,yes,no,cellular,8,may,80,2,-1,0,unknown,no
53,admin,divorced,secondary,no,26,yes,no,cellular,7,may,56,1,359,1,failure,no
28,technician,single,secondary,yes,-298,yes,no,unknown,3,jun,559,7,-1,0,unknown,no
36,management,single,tertiary,no,613,no,no,cellular,7,aug,86,2,-1,0,unknown,no
38,blue-collar,married,primary,no,1679,yes,no,unknown,20,jun,21,18,-1,0,unknown,no
51,blue-collar,married,primary,no,40,yes,no,cellular,13,may,79,1,370,1,failure,no
45,entrepreneur,divorced,tertiary,no,1273,yes,yes,unknown,11,jun,197,3,-1,0,unknown,no
48,services,married,primary,yes,-583,yes,no,unknown,2,jun,25,7,-1,0,unknown,no
51,technician,married,tertiary,no,1315,no,no,telephone,5,jun,303,2,-1,0,unknown,no
25,student,single,secondary,no,8,no,no,cellular,22,apr,107,2,-1,0,unknown,no
42,blue-collar,married,secondary,no,230,yes,no,unknown,5,jun,175,7,-1,0,unknown,no
49,blue-collar,married,primary,no,1019,yes,no,cellular,16,apr,285,5,-1,0,unknown,no
40,management,married,tertiary,no,0,no,no,cellular,14,jul,109,8,-1,0,unknown,no
57,retired,married,primary,no,808,no,no,telephone,7,jul,274,1,-1,0,unknown,no
34,admin,divorced,secondary,no,479,yes,no,cellular,12,may,515,1,350,5,failure,no
46,management,divorced,tertiary,no,25,no,no,unknown,26,may,103,2,-1,0,unknown,no
53,blue-collar,married,secondary,no,25,no,no,cellular,22,aug,528,2,-1,0,unknown,no
32,services,married,primary,no,228,yes,no,cellular,21,jul,1017,6,-1,0,unknown,no
25,student,single,tertiary,no,5,no,no,cellular,29,sep,138,1,-1,0,unknown,no
32,services,married,secondary,no,4885,yes,yes,cellular,18,nov,400,2,-1,0,unknown,no
31,unemployed,married,secondary,no,24,yes,no,cellular,19,nov,631,1,-1,0,unknown,no
42,management,married,tertiary,no,1205,no,no,telephone,8,sep,376,2,-1,0,unknown,no
39,admin,married,secondary,no,260,yes,no,cellular,17,apr,146,1,281,1,failure,no
26,self-employed,single,tertiary,no,211,no,no,cellular,29,jan,168,3,-1,0,unknown,no
33,blue-collar,divorced,secondary,no,-131,yes,no,unknown,16,may,145,1,-1,0,unknown,no
48,technician,married,secondary,no,7020,no,no,cellular,6,aug,80,2,-1,0,unknown,no
48,technician,married,secondary,no,1526,no,no,cellular,6,aug,273,2,-1,0,unknown,no
56,management,married,tertiary,no,318,no,yes,telephone,9,jul,246,3,-1,0,unknown,no
33,management,single,tertiary,no,3170,no,no,cellular,28,oct,246,2,-1,0,unknown,no
55,blue-collar,married,secondary,no,383,no,no,unknown,5,may,287,1,-1,0,unknown,no
43,admin,married,secondary,no,-465,yes,yes,cellular,23,jul,166,1,-1,0,unknown,no
38,blue-collar,married,secondary,no,5092,yes,no,unknown,17,jun,145,6,-1,0,unknown,no
57,blue-collar,married,primary,no,452,yes,no,unknown,13,may,139,4,-1,0,unknown,no
66,retired,married,primary,no,206,no,no,cellular,9,feb,479,1,-1,0,unknown,no
50,unemployed,married,secondary,no,3357,no,no,cellular,9,jun,239,4,-1,0,unknown,no
37,blue-collar,married,secondary,no,67,no,no,unknown,3,jun,45,2,-1,0,unknown,no
40,technician,divorced,tertiary,no,1871,yes,no,cellular,17,nov,64,1,-1,0,unknown,no
33,services,married,secondary,no,4789,yes,yes,cellular,11,may,220,1,339,4,failure,no
33,technician,single,tertiary,no,125,no,no,telephone,29,aug,66,2,-1,0,unknown,no
39,services,married,secondary,no,247,yes,no,cellular,17,apr,244,2,-1,0,unknown,no
37,services,single,secondary,no,105,no,yes,unknown,17,jun,260,4,-1,0,unknown,no
33,management,married,tertiary,no,752,yes,no,cellular,11,aug,104,4,-1,0,unknown,no
42,admin,single,secondary,no,-247,yes,yes,telephone,21,oct,519,1,166,1,other,no
49,management,married,tertiary,no,322,no,no,cellular,6,aug,72,4,-1,0,unknown,no
31,technician,divorced,secondary,no,10787,yes,no,unknown,4,jun,135,2,-1,0,unknown,no
21,services,single,secondary,no,1903,yes,no,unknown,29,may,107,2,-1,0,unknown,no
40,services,single,secondary,no,1547,yes,no,cellular,12,may,88,2,173,1,success,yes
52,blue-collar,married,secondary,no,1117,yes,no,cellular,13,may,365,1,-1,0,unknown,no
33,management,single,tertiary,no,335,no,no,cellular,29,aug,130,4,-1,0,unknown,no
44,unemployed,married,tertiary,no,178,no,no,cellular,8,aug,126,2,-1,0,unknown,no
31,technician,single,secondary,no,433,no,no,cellular,11,aug,1504,2,-1,0,unknown,no
35,unknown,married,primary,no,365,no,no,cellular,29,aug,41,2,-1,0,unknown,no
47,technician,married,secondary,no,-75,yes,no,cellular,4,feb,57,1,247,1,other,no
50,management,married,tertiary,no,112,yes,no,cellular,4,nov,70,5,85,5,other,no
47,housemaid,married,secondary,no,3940,yes,no,cellular,9,nov,171,2,96,5,success,yes
53,management,married,tertiary,no,4446,yes,no,unknown,14,may,429,1,-1,0,unknown,no
37,blue-collar,married,primary,no,190,yes,yes,unknown,8,may,194,1,-1,0,unknown,no
55,retired,married,tertiary,no,197,no,yes,cellular,8,jul,256,1,-1,0,unknown,no
32,management,married,tertiary,no,273,yes,yes,cellular,18,jul,97,3,-1,0,unknown,no
54,blue-collar,married,secondary,no,448,yes,yes,cellular,5,aug,98,1,-1,0,unknown,no
32,blue-collar,single,secondary,no,33,yes,no,cellular,18,may,125,1,368,4,failure,no
24,student,single,secondary,no,822,no,no,cellular,27,oct,184,1,91,2,failure,no
34,management,married,tertiary,no,2594,yes,no,cellular,21,nov,161,3,-1,0,unknown,no
75,retired,married,secondary,no,26452,no,no,telephone,15,jul,219,2,-1,0,unknown,no
56,management,married,primary,no,772,yes,no,telephone,20,nov,291,1,-1,0,unknown,no
57,admin,divorced,unknown,no,887,no,no,unknown,20,jun,43,8,-1,0,unknown,no
55,management,divorced,tertiary,no,9756,yes,no,cellular,5,jun,103,2,95,1,other,no
38,blue-collar,married,secondary,no,121,yes,yes,cellular,6,feb,168,1,212,2,failure,no
42,technician,married,secondary,no,2,no,no,unknown,29,may,249,2,-1,0,unknown,no
30,management,single,tertiary,no,19358,no,no,cellular,19,nov,258,2,-1,0,unknown,no
29,services,married,secondary,no,11417,yes,no,unknown,28,may,272,2,-1,0,unknown,no
36,services,married,secondary,no,472,yes,no,unknown,19,jun,1017,1,-1,0,unknown,no
57,self-employed,married,secondary,no,11494,no,no,cellular,19,nov,198,1,-1,0,unknown,no
30,blue-collar,single,secondary,yes,4,yes,no,unknown,23,may,84,3,-1,0,unknown,no
46,technician,married,secondary,no,-337,yes,no,unknown,27,may,112,1,-1,0,unknown,no
50,entrepreneur,divorced,tertiary,no,1790,no,yes,cellular,6,feb,748,3,-1,0,unknown,no
48,services,single,primary,no,1499,yes,no,cellular,12,may,17,7,-1,0,unknown,no
56,blue-collar,married,primary,no,420,yes,no,unknown,9,may,76,1,-1,0,unknown,no
30,student,single,secondary,no,4,no,no,cellular,4,feb,443,2,-1,0,unknown,no
42,management,married,tertiary,no,0,no,no,cellular,13,aug,325,2,-1,0,unknown,no
34,management,divorced,secondary,no,291,no,no,cellular,7,aug,91,2,-1,0,unknown,no
46,management,married,tertiary,no,1375,yes,no,cellular,17,nov,308,3,-1,0,unknown,no
26,unemployed,married,tertiary,no,454,yes,yes,unknown,23,may,28,18,-1,0,unknown,no
36,blue-collar,married,secondary,no,688,yes,no,unknown,6,may,174,2,-1,0,unknown,no
83,retired,married,primary,no,425,no,no,telephone,22,jun,883,1,140,1,failure,no
60,blue-collar,married,secondary,no,322,yes,no,cellular,7,may,63,1,-1,0,unknown,no
56,retired,divorced,secondary,no,212,no,yes,telephone,17,jul,27,1,-1,0,unknown,no
40,entrepreneur,married,tertiary,no,1729,yes,no,cellular,12,may,85,1,-1,0,unknown,no
42,unemployed,divorced,secondary,no,759,no,no,cellular,28,jan,97,1,169,3,failure,no
49,technician,married,secondary,no,12531,no,no,cellular,13,aug,77,8,-1,0,unknown,no
52,retired,married,secondary,no,603,no,yes,unknown,9,jun,79,1,-1,0,unknown,no
49,unknown,married,unknown,no,301,no,no,cellular,14,aug,789,2,-1,0,unknown,no
43,management,married,tertiary,no,13044,no,no,cellular,18,aug,36,4,-1,0,unknown,no
32,admin,single,tertiary,no,1583,yes,no,cellular,19,nov,100,1,182,1,failure,no
54,services,married,secondary,no,88,yes,no,unknown,13,may,190,1,-1,0,unknown,no
34,management,married,tertiary,no,417,yes,no,cellular,18,nov,138,1,-1,0,unknown,no
34,admin,divorced,secondary,no,1268,yes,no,cellular,15,may,259,3,-1,0,unknown,no
59,blue-collar,married,secondary,no,0,yes,no,unknown,5,may,226,1,-1,0,unknown,no
29,management,married,tertiary,no,581,yes,yes,cellular,14,jul,192,2,-1,0,unknown,no
31,housemaid,single,primary,no,26965,no,no,cellular,21,apr,654,2,-1,0,unknown,no
46,blue-collar,divorced,primary,no,216,no,no,cellular,2,feb,173,1,-1,0,unknown,no
58,retired,married,primary,no,3401,yes,no,cellular,3,feb,84,3,265,2,failure,no
41,blue-collar,single,secondary,yes,-386,no,yes,cellular,20,nov,477,1,-1,0,unknown,no
56,management,married,tertiary,no,15520,no,no,cellular,18,nov,420,1,-1,0,unknown,no
46,services,married,secondary,no,0,yes,no,cellular,22,jun,154,1,124,1,other,no
36,services,single,secondary,no,174,yes,no,unknown,7,may,223,2,-1,0,unknown,no
36,management,single,tertiary,no,490,no,no,cellular,28,aug,207,8,98,1,failure,no
28,student,single,tertiary,no,1562,no,no,cellular,15,feb,659,4,-1,0,unknown,no
23,student,married,tertiary,yes,-230,yes,no,cellular,18,may,259,2,-1,0,unknown,no
61,retired,married,secondary,no,76,yes,no,cellular,15,jul,195,7,-1,0,unknown,no
30,management,married,secondary,no,0,yes,no,cellular,12,may,756,3,-1,0,unknown,no
46,technician,married,secondary,no,2098,no,no,cellular,7,aug,110,2,-1,0,unknown,no
44,admin,married,secondary,no,5181,yes,yes,cellular,31,jul,18,7,-1,0,unknown,no
42,admin,divorced,secondary,no,1076,yes,no,unknown,14,may,213,1,-1,0,unknown,no
41,admin,divorced,secondary,no,6046,yes,yes,telephone,15,mar,300,6,182,2,success,yes
42,services,married,tertiary,no,12223,yes,no,cellular,19,nov,36,1,-1,0,unknown,no
31,technician,single,unknown,no,694,yes,no,unknown,6,jun,431,2,-1,0,unknown,no
56,unemployed,divorced,primary,no,109,no,no,cellular,15,jul,924,4,-1,0,unknown,no
45,admin,married,secondary,no,-547,yes,no,unknown,3,jun,214,2,-1,0,unknown,no
58,retired,married,primary,no,1987,no,no,telephone,14,jul,185,4,-1,0,unknown,no
34,technician,married,secondary,no,-136,yes,yes,cellular,12,aug,131,2,-1,0,unknown,no
29,entrepreneur,married,secondary,no,452,yes,no,unknown,27,may,347,1,-1,0,unknown,no
39,entrepreneur,married,tertiary,no,2,yes,no,cellular,17,nov,180,1,-1,0,unknown,no
60,housemaid,married,primary,no,0,no,yes,telephone,22,jul,124,1,-1,0,unknown,no
47,technician,married,secondary,no,1167,yes,no,cellular,30,apr,968,1,87,5,failure,no
33,services,single,secondary,no,358,yes,no,cellular,7,may,302,1,356,3,failure,no
31,self-employed,single,secondary,no,1086,no,no,cellular,20,nov,410,1,-1,0,unknown,no
38,blue-collar,married,secondary,no,1205,yes,no,cellular,20,apr,45,4,153,1,failure,no
26,management,single,secondary,no,63,no,no,cellular,28,jul,76,4,-1,0,unknown,no
32,management,single,tertiary,no,537,no,no,unknown,29,may,187,3,-1,0,unknown,no
32,technician,single,tertiary,no,930,no,no,cellular,27,aug,85,7,-1,0,unknown,no
48,management,divorced,tertiary,no,507,yes,no,cellular,9,apr,528,1,-1,0,unknown,no
36,management,single,tertiary,no,2806,yes,no,unknown,30,may,358,4,-1,0,unknown,no
58,entrepreneur,married,secondary,no,2,no,no,unknown,16,jun,684,1,-1,0,unknown,no
50,services,single,secondary,no,72,no,no,unknown,8,may,141,2,-1,0,unknown,no
33,management,married,unknown,no,18347,yes,no,unknown,23,may,415,1,-1,0,unknown,no
51,management,single,tertiary,no,297,yes,no,cellular,15,may,415,4,375,1,failure,no
27,services,single,secondary,no,259,yes,no,unknown,23,may,78,10,-1,0,unknown,no
24,admin,married,secondary,no,299,yes,no,cellular,6,may,209,1,321,1,failure,no
51,management,divorced,tertiary,no,0,no,no,cellular,13,aug,60,2,-1,0,unknown,no
42,management,single,tertiary,no,100,no,no,cellular,7,aug,64,2,-1,0,unknown,no
46,blue-collar,married,primary,no,0,yes,no,unknown,12,may,51,9,-1,0,unknown,no
31,management,single,tertiary,no,3283,no,no,cellular,2,feb,258,1,73,1,failure,no
28,services,single,secondary,no,168,no,no,cellular,1,jun,347,3,140,2,success,yes
36,management,married,tertiary,no,0,yes,no,cellular,28,jan,60,1,250,1,other,no
37,blue-collar,married,secondary,no,2023,yes,no,cellular,10,jul,214,1,-1,0,unknown,no
29,blue-collar,married,secondary,no,424,yes,yes,unknown,14,may,241,2,-1,0,unknown,no
50,management,married,tertiary,no,0,no,no,cellular,9,jul,243,5,-1,0,unknown,no
23,services,single,tertiary,no,363,yes,no,unknown,30,may,16,18,-1,0,unknown,no
87,retired,married,primary,no,230,no,no,cellular,30,oct,144,1,-1,0,unknown,no
37,management,single,unknown,no,504,yes,no,cellular,16,apr,555,1,-1,0,unknown,no
47,unemployed,married,secondary,no,3188,yes,no,cellular,3,feb,426,3,-1,0,unknown,no
27,unknown,single,tertiary,no,6421,no,no,telephone,28,jan,147,4,-1,0,unknown,no
69,retired,married,tertiary,no,473,no,no,cellular,7,jul,112,1,78,1,failure,no
49,unemployed,married,tertiary,no,-471,yes,no,cellular,20,nov,77,3,185,7,failure,no
37,blue-collar,married,primary,no,378,yes,no,unknown,9,may,514,1,-1,0,unknown,no
53,admin,divorced,secondary,no,0,yes,yes,cellular,30,apr,586,2,-1,0,unknown,no
33,blue-collar,married,secondary,no,285,no,yes,unknown,3,jul,267,1,-1,0,unknown,no
38,management,married,tertiary,no,126,yes,no,unknown,21,may,164,2,-1,0,unknown,no
27,blue-collar,divorced,secondary,no,1,yes,no,cellular,14,jul,116,3,-1,0,unknown,no
45,admin,married,secondary,no,194,no,no,cellular,31,jul,517,4,-1,0,unknown,no
31,services,married,secondary,no,440,yes,no,unknown,17,jun,117,3,-1,0,unknown,no
42,technician,single,secondary,no,0,no,no,cellular,21,aug,656,2,-1,0,unknown,no
22,student,single,unknown,no,549,no,no,cellular,2,sep,154,1,-1,0,unknown,no
47,technician,married,secondary,no,57,no,no,cellular,5,may,253,1,342,1,success,yes
34,management,single,tertiary,no,171,yes,no,cellular,7,may,191,1,294,1,failure,no
41,technician,married,secondary,no,1066,no,no,cellular,11,feb,109,3,-1,0,unknown,no
50,self-employed,married,tertiary,no,202,yes,no,cellular,15,apr,107,1,148,4,failure,no
36,technician,married,secondary,no,23,yes,no,cellular,8,may,152,2,347,1,failure,no
31,management,married,tertiary,no,13,no,no,cellular,28,aug,110,5,-1,0,unknown,no
48,management,married,tertiary,no,1808,yes,no,cellular,26,feb,245,1,-1,0,unknown,no
47,technician,married,tertiary,no,2408,no,no,cellular,12,aug,236,1,104,1,success,yes
80,housemaid,married,primary,no,0,no,no,cellular,23,feb,639,1,189,1,failure,no
36,entrepreneur,married,secondary,no,134,no,no,unknown,20,may,98,1,-1,0,unknown,no
57,management,married,secondary,no,82,no,yes,telephone,4,feb,140,1,-1,0,unknown,no
35,management,divorced,tertiary,no,649,no,no,cellular,16,apr,177,1,-1,0,unknown,no
39,blue-collar,married,secondary,no,1045,yes,yes,cellular,9,jul,290,13,-1,0,unknown,no
32,blue-collar,married,secondary,no,950,yes,yes,cellular,20,apr,219,4,-1,0,unknown,no
33,blue-collar,married,primary,no,1209,yes,no,cellular,16,apr,700,1,-1,0,unknown,no
47,blue-collar,divorced,secondary,yes,-535,yes,no,cellular,30,jul,71,2,-1,0,unknown,no
45,services,married,secondary,no,0,no,yes,cellular,8,jul,47,7,-1,0,unknown,no
36,management,married,tertiary,no,0,yes,no,unknown,27,may,145,2,-1,0,unknown,no
57,housemaid,married,primary,no,501,yes,yes,cellular,7,aug,59,2,-1,0,unknown,no
41,management,divorced,tertiary,no,4567,yes,yes,cellular,16,jul,106,1,-1,0,unknown,no
41,management,divorced,tertiary,no,3355,no,no,cellular,14,oct,181,2,500,1,failure,no
50,blue-collar,married,primary,no,5776,no,no,cellular,18,nov,49,3,-1,0,unknown,no
36,blue-collar,married,secondary,no,-231,no,yes,cellular,15,jul,779,2,-1,0,unknown,no
24,blue-collar,single,primary,no,111,yes,yes,unknown,27,may,42,4,-1,0,unknown,no
45,blue-collar,divorced,primary,no,0,yes,no,cellular,21,jul,211,2,-1,0,unknown,no
37,admin,married,tertiary,no,801,no,no,cellular,11,aug,331,7,-1,0,unknown,no
47,self-employed,married,secondary,no,1121,no,no,unknown,20,jun,454,6,-1,0,unknown,no
35,admin,divorced,tertiary,no,1555,yes,no,unknown,9,may,26,2,-1,0,unknown,no
30,services,married,secondary,no,1743,yes,no,cellular,5,feb,192,4,-1,0,unknown,no
26,technician,single,tertiary,no,1216,yes,no,cellular,16,apr,472,2,-1,0,unknown,no
41,admin,divorced,secondary,no,-365,yes,no,unknown,28,may,226,10,-1,0,unknown,no
57,retired,divorced,secondary,no,-331,yes,no,unknown,6,may,531,1,-1,0,unknown,no
57,retired,married,primary,no,1238,yes,no,cellular,15,jul,274,1,-1,0,unknown,no
54,services,married,unknown,no,386,no,yes,cellular,19,nov,74,1,152,1,success,yes
44,entrepreneur,married,tertiary,no,0,yes,no,unknown,9,jul,300,1,-1,0,unknown,no
80,management,married,primary,no,6483,no,no,telephone,19,oct,123,1,-1,0,unknown,no
55,entrepreneur,married,secondary,no,204,no,no,cellular,14,jul,455,13,-1,0,unknown,no
48,management,divorced,tertiary,no,541,yes,no,cellular,14,may,72,1,363,2,other,no
30,management,married,tertiary,no,3134,yes,no,cellular,17,jul,124,1,-1,0,unknown,no
42,blue-collar,divorced,secondary,no,1491,yes,no,cellular,6,may,203,2,334,2,failure,no
31,technician,single,secondary,no,1626,no,no,cellular,7,may,356,2,286,3,failure,no
43,blue-collar,married,secondary,no,130,no,no,cellular,5,may,156,1,337,3,failure,no
31,management,married,tertiary,no,1183,yes,no,unknown,27,may,676,6,-1,0,unknown,no
50,blue-collar,married,unknown,no,2284,yes,no,telephone,31,jul,1088,17,-1,0,unknown,no
32,blue-collar,married,secondary,no,687,yes,no,unknown,9,may,61,1,-1,0,unknown,no
41,management,single,secondary,no,764,no,no,cellular,12,jun,230,2,-1,0,unknown,no
55,self-employed,married,secondary,no,2678,no,yes,cellular,18,aug,151,12,-1,0,unknown,no
24,blue-collar,married,secondary,no,9,yes,no,unknown,27,may,292,7,-1,0,unknown,no
53,services,divorced,secondary,no,765,yes,no,cellular,14,may,959,3,174,7,other,no
32,management,married,secondary,no,6217,yes,yes,unknown,21,may,486,2,-1,0,unknown,no
40,technician,married,secondary,no,-396,yes,no,unknown,26,may,127,1,-1,0,unknown,no
57,blue-collar,married,primary,no,318,yes,no,unknown,27,may,206,2,-1,0,unknown,no
38,admin,single,secondary,no,883,yes,no,cellular,12,may,95,1,327,9,other,no
38,services,married,secondary,no,435,yes,no,unknown,23,may,193,2,-1,0,unknown,no
30,management,single,tertiary,no,201,yes,no,cellular,17,mar,325,2,-1,0,unknown,no
25,student,single,secondary,no,331,no,no,telephone,26,aug,170,4,-1,0,unknown,no
32,technician,single,tertiary,no,1059,yes,no,cellular,17,apr,115,1,-1,0,unknown,no
56,unemployed,divorced,primary,no,802,no,no,telephone,3,feb,258,2,-1,0,unknown,no
57,management,married,secondary,no,139,no,no,cellular,17,aug,80,1,-1,0,unknown,no
36,blue-collar,divorced,secondary,no,-11,no,no,unknown,5,jun,152,2,-1,0,unknown,no
39,self-employed,single,unknown,no,0,no,no,unknown,20,jun,13,11,-1,0,unknown,no
41,admin,married,tertiary,no,5426,yes,no,unknown,14,may,149,2,-1,0,unknown,no
64,retired,married,unknown,no,2923,no,no,cellular,12,mar,120,1,-1,0,unknown,no
27,student,single,tertiary,no,3733,yes,no,cellular,22,may,198,1,98,6,success,yes
36,blue-collar,married,primary,no,123,yes,no,cellular,18,may,9,1,-1,0,unknown,no
31,services,single,secondary,no,864,yes,no,cellular,6,may,100,1,-1,0,unknown,no
55,blue-collar,married,primary,no,4103,no,no,cellular,19,nov,291,1,-1,0,unknown,no
45,management,married,tertiary,no,-192,yes,no,cellular,6,may,138,3,-1,0,unknown,no
32,management,single,tertiary,no,474,yes,no,cellular,7,aug,90,3,-1,0,unknown,no
34,technician,single,secondary,no,0,no,no,cellular,21,aug,163,2,-1,0,unknown,no
34,self-employed,married,primary,no,712,yes,no,unknown,2,jun,326,3,-1,0,unknown,no
46,self-employed,married,tertiary,no,1148,no,no,telephone,29,jul,104,2,-1,0,unknown,no
38,management,single,tertiary,no,104,yes,no,cellular,6,may,606,3,-1,0,unknown,no
49,admin,single,secondary,no,981,yes,no,telephone,21,nov,10,3,-1,0,unknown,no
38,technician,married,secondary,no,226,yes,no,unknown,30,may,762,3,-1,0,unknown,no
30,unemployed,married,secondary,no,142,yes,no,unknown,20,may,350,4,-1,0,unknown,no
40,technician,single,secondary,no,591,no,yes,cellular,14,aug,87,6,-1,0,unknown,no
54,blue-collar,married,primary,no,4503,no,no,telephone,21,nov,168,3,-1,0,unknown,no
47,self-employed,divorced,secondary,no,8515,yes,no,unknown,20,nov,14,7,112,4,other,no
49,blue-collar,married,secondary,no,1568,no,no,unknown,21,may,206,6,-1,0,unknown,no
41,services,married,secondary,no,171,no,no,cellular,21,jul,71,9,-1,0,unknown,no
52,technician,married,tertiary,no,214,no,no,cellular,29,aug,161,3,-1,0,unknown,no
61,housemaid,married,primary,no,848,no,no,cellular,27,apr,605,1,187,1,other,no
37,blue-collar,married,secondary,no,1053,no,no,unknown,16,jun,405,3,-1,0,unknown,no
56,retired,married,tertiary,no,478,no,no,cellular,5,feb,97,1,-1,0,unknown,no
23,student,single,secondary,no,780,no,no,cellular,16,sep,267,1,-1,0,unknown,no
29,self-employed,married,secondary,no,-76,yes,no,unknown,27,may,305,2,-1,0,unknown,no
49,housemaid,married,primary,no,249,yes,no,cellular,21,nov,450,1,-1,0,unknown,no
53,services,divorced,secondary,no,-905,yes,no,unknown,28,may,213,1,-1,0,unknown,no
33,technician,married,tertiary,no,75,no,no,cellular,21,jul,204,4,-1,0,unknown,no
57,management,married,tertiary,no,1602,no,no,cellular,29,jul,339,3,-1,0,unknown,no
34,entrepreneur,married,tertiary,no,355,yes,no,unknown,16,may,261,1,-1,0,unknown,no
46,blue-collar,married,primary,no,67,no,no,unknown,24,jun,9,1,-1,0,unknown,no
33,blue-collar,single,secondary,no,22,no,no,cellular,30,jan,76,2,207,1,failure,no
60,services,married,tertiary,no,4256,yes,no,cellular,16,aug,239,3,761,1,other,no
33,technician,divorced,secondary,no,0,yes,no,cellular,7,may,177,2,-1,0,unknown,no
34,technician,single,secondary,no,943,no,no,cellular,29,aug,96,4,-1,0,unknown,no
48,technician,divorced,secondary,yes,20,no,no,cellular,27,aug,145,3,-1,0,unknown,no
45,technician,single,tertiary,no,2087,no,no,cellular,29,aug,29,14,-1,0,unknown,no
41,services,married,unknown,no,88,yes,no,cellular,11,may,105,1,336,2,failure,no
32,management,single,tertiary,no,1831,yes,no,cellular,20,apr,86,2,-1,0,unknown,no
52,technician,married,tertiary,no,0,no,no,cellular,9,aug,145,3,94,4,success,yes
41,services,married,tertiary,no,412,yes,no,unknown,3,jun,154,5,-1,0,unknown,no
43,blue-collar,married,secondary,no,667,yes,no,unknown,7,may,228,3,-1,0,unknown,no
31,management,single,tertiary,no,574,yes,no,cellular,16,jul,410,2,-1,0,unknown,no
36,technician,divorced,tertiary,no,119,no,no,cellular,23,jul,127,8,-1,0,unknown,no
39,blue-collar,married,secondary,no,293,yes,no,unknown,23,may,160,3,-1,0,unknown,no
27,services,single,secondary,no,-151,no,no,cellular,8,jul,283,2,-1,0,unknown,no
36,entrepreneur,married,primary,no,177,yes,no,unknown,12,may,63,5,-1,0,unknown,no
70,retired,married,tertiary,no,15834,no,no,cellular,5,apr,172,3,186,1,failure,no
31,technician,single,unknown,no,187,no,no,cellular,17,jul,86,1,-1,0,unknown,no
49,unemployed,divorced,tertiary,no,780,no,no,cellular,8,nov,148,1,871,2,failure,no
41,technician,married,secondary,no,0,no,yes,cellular,23,jul,107,1,-1,0,unknown,no
39,blue-collar,single,primary,no,6,yes,no,cellular,19,nov,286,2,-1,0,unknown,no
43,technician,single,tertiary,yes,0,no,no,cellular,29,aug,73,4,-1,0,unknown,no
30,management,single,tertiary,no,6495,no,no,cellular,30,mar,78,3,-1,0,unknown,no
56,technician,married,secondary,no,4063,no,yes,telephone,28,jul,31,4,-1,0,unknown,no
35,technician,single,tertiary,no,2658,yes,no,cellular,19,aug,768,2,141,3,failure,no
56,retired,married,secondary,no,-113,yes,yes,cellular,12,aug,614,2,-1,0,unknown,no
41,admin,married,secondary,no,920,yes,yes,unknown,27,may,239,1,-1,0,unknown,no
42,management,married,unknown,no,1519,no,no,cellular,19,oct,230,1,92,1,success,yes
25,student,single,unknown,no,10788,no,no,cellular,23,dec,102,2,210,2,other,no
24,student,single,secondary,no,1847,no,no,cellular,9,dec,390,1,-1,0,unknown,no
50,blue-collar,divorced,secondary,no,203,yes,no,telephone,19,nov,265,1,127,4,other,no
31,blue-collar,married,secondary,no,1495,yes,yes,unknown,23,may,159,3,-1,0,unknown,no
38,management,married,tertiary,no,7124,no,no,unknown,16,jun,301,6,-1,0,unknown,no
55,services,married,secondary,no,96,no,no,telephone,30,jul,340,2,-1,0,unknown,no
31,services,single,secondary,no,469,no,yes,cellular,2,feb,111,1,-1,0,unknown,no
33,management,married,tertiary,no,148,no,no,unknown,20,may,717,1,-1,0,unknown,no
33,technician,single,secondary,no,5235,no,no,cellular,7,aug,67,3,-1,0,unknown,no
30,technician,single,tertiary,no,799,yes,yes,unknown,6,jun,91,18,-1,0,unknown,no
49,unknown,married,secondary,no,0,no,no,cellular,28,aug,173,2,-1,0,unknown,no
41,self-employed,married,tertiary,no,6000,yes,no,cellular,18,nov,265,1,-1,0,unknown,no
30,unemployed,married,tertiary,no,0,yes,no,cellular,18,nov,756,1,-1,0,unknown,no
50,management,married,tertiary,no,-470,yes,no,cellular,19,nov,130,2,160,1,failure,no
25,services,single,secondary,no,64,no,no,cellular,21,jul,71,11,-1,0,unknown,no
34,entrepreneur,married,secondary,no,2,yes,yes,cellular,5,may,184,1,167,6,failure,no
40,admin,single,secondary,no,1670,yes,no,unknown,18,jun,161,2,-1,0,unknown,no
37,admin,married,secondary,no,121,no,no,cellular,22,jul,22,6,-1,0,unknown,no
56,admin,married,secondary,no,16873,no,no,cellular,7,oct,223,1,-1,0,unknown,no
31,services,married,secondary,no,413,yes,no,unknown,13,may,65,1,-1,0,unknown,no
52,admin,married,secondary,no,199,no,no,cellular,28,jan,978,2,189,1,other,no
42,management,married,secondary,no,1331,no,no,cellular,23,jul,698,2,-1,0,unknown,no
34,admin,married,secondary,no,1671,no,no,unknown,21,may,160,1,-1,0,unknown,no
47,admin,married,secondary,no,1934,no,yes,cellular,14,may,225,1,364,1,failure,no
33,blue-collar,single,secondary,no,1925,yes,no,cellular,2,mar,76,2,-1,0,unknown,no
42,services,married,secondary,no,292,yes,no,cellular,11,may,222,3,-1,0,unknown,no
31,technician,single,secondary,no,373,no,no,cellular,22,aug,346,5,-1,0,unknown,no
54,blue-collar,married,secondary,no,2059,yes,no,cellular,25,aug,177,4,-1,0,unknown,no
34,admin,single,primary,no,0,yes,yes,cellular,6,may,172,4,-1,0,unknown,no
42,technician,divorced,secondary,no,2974,yes,no,unknown,21,may,187,5,-1,0,unknown,no
41,self-employed,single,tertiary,no,3950,yes,no,unknown,30,may,96,2,-1,0,unknown,no
52,entrepreneur,married,tertiary,no,54,yes,yes,telephone,18,nov,103,1,-1,0,unknown,no
57,management,married,primary,no,1052,yes,no,unknown,13,may,227,4,-1,0,unknown,no
34,technician,single,secondary,no,440,yes,no,cellular,6,may,445,2,345,2,failure,no
59,technician,divorced,secondary,no,879,yes,no,unknown,26,may,228,1,-1,0,unknown,no
40,management,single,tertiary,no,0,no,no,cellular,26,aug,58,7,-1,0,unknown,no
49,blue-collar,married,tertiary,no,1784,no,no,unknown,12,jun,753,1,-1,0,unknown,no
26,entrepreneur,married,tertiary,no,37,yes,yes,cellular,6,may,207,1,363,2,failure,no
33,management,married,secondary,no,4040,yes,no,cellular,20,apr,132,2,-1,0,unknown,no
43,management,divorced,tertiary,no,388,yes,no,unknown,8,may,2087,2,-1,0,unknown,no
32,admin,married,secondary,no,76,yes,no,unknown,21,may,189,2,-1,0,unknown,no
44,blue-collar,married,secondary,no,1910,yes,no,unknown,5,jun,41,1,-1,0,unknown,no
48,blue-collar,married,secondary,no,157,yes,no,unknown,6,may,73,1,-1,0,unknown,no
41,technician,married,secondary,no,2125,yes,yes,cellular,21,nov,285,3,116,4,failure,no
46,technician,married,secondary,no,1322,yes,yes,cellular,19,nov,514,1,-1,0,unknown,no
43,blue-collar,divorced,primary,no,-97,yes,yes,cellular,31,jul,747,4,-1,0,unknown,no
41,blue-collar,married,primary,no,4,no,no,cellular,23,jul,74,5,-1,0,unknown,no
43,unemployed,single,unknown,no,3274,yes,no,cellular,22,may,680,1,95,1,failure,no
27,student,single,tertiary,no,118,no,no,cellular,25,may,112,1,-1,0,unknown,no
24,blue-collar,married,secondary,no,0,no,no,unknown,28,may,94,1,-1,0,unknown,no
55,retired,married,primary,no,-966,no,yes,cellular,14,may,104,1,-1,0,unknown,no
57,entrepreneur,divorced,secondary,yes,25,yes,no,cellular,11,may,652,1,370,4,other,no
45,technician,married,secondary,no,999,yes,no,cellular,20,nov,215,6,188,2,failure,no
54,technician,married,tertiary,no,876,no,no,cellular,27,oct,269,3,541,3,success,yes
35,self-employed,divorced,tertiary,no,1354,yes,no,unknown,23,may,736,2,-1,0,unknown,no
31,admin,married,secondary,no,389,yes,no,cellular,7,dec,69,1,185,2,failure,no
29,management,single,tertiary,no,1673,no,no,cellular,16,aug,200,2,159,3,other,no
25,services,married,secondary,no,72,yes,no,cellular,23,jul,305,2,-1,0,unknown,no
37,technician,married,tertiary,no,6968,no,no,cellular,1,jun,175,1,-1,0,unknown,no
31,management,single,tertiary,no,0,no,no,cellular,28,aug,38,16,-1,0,unknown,no
40,self-employed,married,tertiary,no,13669,no,no,cellular,15,oct,138,1,136,8,other,no
27,services,married,secondary,no,58,yes,no,cellular,7,may,113,1,337,2,other,no
47,housemaid,single,tertiary,no,3232,no,no,telephone,6,oct,541,1,204,3,failure,no
25,management,single,tertiary,no,808,no,no,cellular,18,sep,267,2,114,2,failure,no
49,technician,married,secondary,yes,-74,yes,no,cellular,19,nov,114,1,-1,0,unknown,no
43,management,married,secondary,no,481,yes,no,telephone,18,nov,164,1,110,2,other,no
49,services,married,secondary,no,1114,no,no,cellular,17,nov,283,1,-1,0,unknown,no
26,management,single,tertiary,no,-8,no,no,cellular,13,aug,402,2,-1,0,unknown,no
34,management,married,tertiary,no,-73,yes,no,cellular,11,jul,90,1,-1,0,unknown,no
36,management,divorced,tertiary,no,608,no,no,cellular,26,aug,125,2,-1,0,unknown,no
57,retired,married,primary,no,75,no,no,cellular,28,aug,118,2,-1,0,unknown,no
31,management,married,tertiary,no,582,yes,no,cellular,15,jul,58,2,-1,0,unknown,no
49,blue-collar,single,primary,no,2146,yes,no,cellular,7,may,1516,2,353,2,other,no
53,technician,married,tertiary,no,3177,no,no,cellular,8,aug,92,2,-1,0,unknown,no
60,retired,married,primary,no,71,no,no,cellular,10,jul,121,3,-1,0,unknown,no
33,technician,single,tertiary,no,696,no,yes,cellular,5,feb,193,1,176,8,failure,no
51,admin,married,secondary,no,1415,yes,no,unknown,2,jun,151,3,-1,0,unknown,no
23,blue-collar,married,primary,no,1158,yes,no,cellular,16,apr,743,1,-1,0,unknown,no
27,student,single,secondary,no,1566,no,no,cellular,30,jan,164,5,-1,0,unknown,no
41,blue-collar,married,secondary,no,429,yes,no,unknown,13,may,244,1,-1,0,unknown,no
55,technician,divorced,secondary,no,61,yes,yes,cellular,25,aug,113,3,-1,0,unknown,no
28,technician,single,tertiary,no,183,yes,yes,unknown,28,may,62,2,-1,0,unknown,no
32,self-employed,single,secondary,no,1259,no,no,cellular,25,jul,184,2,-1,0,unknown,no
32,blue-collar,married,secondary,no,119,no,no,cellular,4,may,20,5,-1,0,unknown,no
50,services,married,secondary,no,1572,yes,no,cellular,9,jul,185,1,-1,0,unknown,no
35,blue-collar,married,primary,no,422,yes,no,cellular,14,may,73,1,-1,0,unknown,no
40,self-employed,married,secondary,no,1516,yes,yes,unknown,23,may,373,1,-1,0,unknown,no
37,services,divorced,secondary,no,490,yes,no,cellular,2,feb,73,1,-1,0,unknown,no
44,blue-collar,married,secondary,no,1071,yes,no,cellular,11,may,143,3,357,1,failure,no
26,student,single,secondary,no,2572,yes,no,cellular,5,may,620,1,-1,0,unknown,no
33,admin,divorced,secondary,no,818,yes,yes,cellular,16,apr,301,3,-1,0,unknown,no
41,technician,divorced,secondary,no,0,yes,no,cellular,17,nov,386,2,-1,0,unknown,no
37,services,married,secondary,no,0,yes,yes,cellular,31,jul,187,2,-1,0,unknown,no
51,admin,divorced,secondary,no,340,yes,no,unknown,8,may,186,1,-1,0,unknown,no
38,blue-collar,single,tertiary,no,14058,no,no,telephone,17,jul,293,20,-1,0,unknown,no
37,admin,married,secondary,no,-107,yes,no,unknown,28,may,158,2,-1,0,unknown,no
29,self-employed,married,tertiary,no,3931,yes,no,unknown,3,jun,73,4,-1,0,unknown,no
32,blue-collar,married,secondary,no,517,yes,no,unknown,5,may,528,1,-1,0,unknown,no
42,services,married,secondary,no,-246,yes,no,unknown,7,may,149,1,-1,0,unknown,no
40,management,married,tertiary,no,1041,yes,no,unknown,12,jun,73,1,-1,0,unknown,no
37,management,single,tertiary,no,695,no,no,cellular,28,jan,233,1,-1,0,unknown,no
31,management,married,secondary,no,625,yes,no,cellular,7,apr,424,1,138,1,failure,no
35,technician,married,secondary,no,94,yes,yes,unknown,14,may,208,5,-1,0,unknown,no
52,management,married,tertiary,no,3163,no,no,cellular,25,aug,56,6,-1,0,unknown,no
32,unemployed,married,secondary,no,10,yes,no,unknown,6,may,501,4,-1,0,unknown,no
39,technician,single,tertiary,no,1190,no,no,cellular,8,aug,136,1,-1,0,unknown,no
50,blue-collar,married,primary,no,2142,yes,no,cellular,29,jan,309,2,224,1,other,no
69,retired,married,primary,no,579,no,no,cellular,14,aug,230,1,-1,0,unknown,no
54,services,married,primary,no,8,yes,no,cellular,14,may,143,1,-1,0,unknown,no
27,technician,single,secondary,no,158,no,no,unknown,1,jul,650,2,-1,0,unknown,no
57,housemaid,married,primary,no,0,no,no,unknown,9,jun,257,2,-1,0,unknown,no
29,entrepreneur,married,secondary,no,178,yes,no,cellular,5,may,231,4,-1,0,unknown,no
31,admin,divorced,secondary,no,1210,no,no,cellular,16,jul,350,1,-1,0,unknown,no
53,blue-collar,married,primary,no,4143,no,no,cellular,15,jul,200,3,-1,0,unknown,no
24,services,married,secondary,yes,110,yes,no,unknown,23,may,27,1,-1,0,unknown,no
48,blue-collar,married,primary,no,1092,no,yes,cellular,18,nov,79,1,172,8,failure,no
44,management,married,tertiary,no,7635,no,no,cellular,21,aug,719,5,-1,0,unknown,no
36,management,married,tertiary,no,495,no,no,cellular,5,aug,157,3,97,2,success,yes
46,admin,married,secondary,no,22,yes,no,cellular,7,aug,414,4,-1,0,unknown,no
36,technician,divorced,secondary,no,-435,yes,no,unknown,2,jun,85,8,-1,0,unknown,no
58,management,divorced,tertiary,no,1573,yes,yes,cellular,17,nov,279,1,-1,0,unknown,no
44,services,married,secondary,no,27,no,no,cellular,25,may,485,1,-1,0,unknown,no
44,blue-collar,married,secondary,no,-674,yes,no,unknown,5,may,257,1,-1,0,unknown,no
35,technician,married,secondary,no,2,no,no,telephone,28,jan,653,3,-1,0,unknown,no
36,technician,single,tertiary,no,197,no,no,cellular,30,apr,260,1,-1,0,unknown,no
55,admin,married,secondary,no,865,yes,no,cellular,27,oct,96,1,111,3,failure,no
44,admin,married,secondary,no,205,no,no,cellular,3,nov,289,1,-1,0,unknown,no
46,retired,married,primary,no,-35,yes,no,cellular,7,may,304,3,-1,0,unknown,no
45,technician,married,secondary,no,1477,yes,no,cellular,8,jul,355,1,-1,0,unknown,no
53,unemployed,married,primary,no,980,yes,no,cellular,3,dec,352,1,-1,0,unknown,no
36,services,married,primary,no,179,no,no,unknown,9,jun,411,1,-1,0,unknown,no
54,management,divorced,tertiary,no,1295,yes,no,cellular,21,jul,179,10,-1,0,unknown,no
34,management,single,tertiary,no,673,yes,yes,cellular,20,nov,271,1,184,1,failure,no
28,services,single,secondary,no,2685,no,yes,unknown,24,aug,5,1,-1,0,unknown,no
40,technician,married,secondary,no,56,yes,yes,cellular,29,jan,194,1,247,1,failure,no
33,blue-collar,married,secondary,no,26,yes,no,cellular,17,apr,342,3,332,1,other,no
52,blue-collar,married,primary,no,1331,yes,no,cellular,29,jul,213,2,-1,0,unknown,no
41,entrepreneur,married,secondary,no,1249,yes,no,cellular,9,jul,391,1,-1,0,unknown,no
30,management,single,tertiary,no,604,no,yes,cellular,2,feb,475,1,-1,0,unknown,no
50,blue-collar,married,secondary,no,372,yes,no,telephone,11,may,21,1,-1,0,unknown,no
26,unemployed,single,secondary,no,622,no,no,cellular,28,jan,1451,2,-1,0,unknown,no
46,technician,married,secondary,no,57,no,no,unknown,28,may,796,1,-1,0,unknown,no
42,services,married,secondary,no,96,yes,no,cellular,5,may,238,3,340,2,failure,no
53,blue-collar,married,secondary,no,65,no,no,cellular,28,aug,25,18,-1,0,unknown,no
37,blue-collar,married,secondary,no,395,yes,no,unknown,6,may,219,2,-1,0,unknown,no
52,admin,married,secondary,no,693,no,no,unknown,12,jun,271,1,-1,0,unknown,no
48,admin,single,secondary,no,1150,yes,no,unknown,28,may,357,1,-1,0,unknown,no
47,blue-collar,married,primary,no,881,yes,no,cellular,14,may,143,1,370,2,failure,no
33,blue-collar,married,secondary,no,-346,yes,yes,unknown,23,may,29,3,-1,0,unknown,no
36,admin,single,secondary,no,47,no,yes,cellular,9,jul,36,6,-1,0,unknown,no
39,technician,married,secondary,no,626,yes,no,cellular,11,may,126,2,-1,0,unknown,no
34,management,single,tertiary,no,6766,no,no,cellular,28,aug,210,5,-1,0,unknown,no
58,admin,married,secondary,no,3496,yes,no,unknown,2,jun,111,4,-1,0,unknown,no
55,retired,married,secondary,no,1467,no,yes,cellular,29,jul,277,2,-1,0,unknown,no
48,entrepreneur,married,tertiary,no,810,no,no,unknown,6,jun,383,1,-1,0,unknown,no
46,management,single,tertiary,no,2154,yes,no,cellular,21,jul,87,4,-1,0,unknown,no
31,unknown,divorced,tertiary,no,137,no,no,cellular,22,aug,385,9,-1,0,unknown,no
34,technician,married,tertiary,no,5060,yes,no,cellular,21,aug,12,21,-1,0,unknown,no
27,self-employed,married,secondary,no,-220,yes,no,unknown,26,may,138,2,-1,0,unknown,no
38,admin,married,tertiary,no,1988,no,no,cellular,27,mar,164,2,130,2,failure,no
47,admin,divorced,secondary,no,225,no,no,cellular,28,aug,1126,4,-1,0,unknown,no
51,technician,married,secondary,no,1490,yes,no,cellular,18,jul,227,2,-1,0,unknown,no
43,management,single,tertiary,no,1696,yes,no,cellular,26,aug,257,1,474,3,failure,no
43,management,married,tertiary,no,2,no,yes,cellular,20,aug,472,2,-1,0,unknown,no
33,blue-collar,single,secondary,no,-416,yes,no,unknown,16,may,767,2,-1,0,unknown,no
36,management,single,tertiary,no,243,yes,no,cellular,7,may,160,2,360,3,failure,no
39,self-employed,married,tertiary,no,1047,no,no,unknown,6,jun,554,1,-1,0,unknown,no
42,blue-collar,married,secondary,no,117,yes,no,unknown,9,may,147,1,-1,0,unknown,no
34,management,married,secondary,no,293,yes,no,unknown,21,may,162,3,-1,0,unknown,no
48,management,single,tertiary,no,414,no,no,cellular,21,jul,761,2,-1,0,unknown,no
43,blue-collar,divorced,primary,no,328,no,yes,cellular,8,jul,192,1,-1,0,unknown,no
30,admin,single,secondary,no,81,yes,no,cellular,6,aug,121,6,112,3,other,no
66,management,single,tertiary,no,6483,no,no,cellular,13,aug,275,1,-1,0,unknown,no
24,retired,single,secondary,no,366,no,yes,unknown,16,may,234,2,-1,0,unknown,no
39,blue-collar,married,unknown,no,0,no,no,cellular,2,feb,731,1,193,3,failure,no
46,management,divorced,tertiary,no,134,no,no,cellular,19,aug,134,2,-1,0,unknown,no
29,management,divorced,tertiary,no,415,yes,yes,unknown,28,may,449,4,-1,0,unknown,no
58,retired,married,primary,no,0,no,no,cellular,4,aug,506,1,-1,0,unknown,no
32,technician,single,tertiary,no,569,no,yes,cellular,29,jan,348,1,-1,0,unknown,no
37,management,married,tertiary,no,0,no,no,cellular,11,mar,129,4,107,2,failure,no
45,management,divorced,tertiary,no,959,no,no,unknown,18,jun,74,1,-1,0,unknown,no
39,blue-collar,married,primary,no,879,yes,no,unknown,26,may,102,2,-1,0,unknown,no
50,admin,married,secondary,no,0,no,no,cellular,4,aug,86,4,-1,0,unknown,no
23,student,single,secondary,no,8494,no,no,cellular,25,aug,158,2,-1,0,unknown,no
58,retired,married,secondary,no,764,no,no,cellular,12,aug,219,4,-1,0,unknown,no
55,services,divorced,primary,no,2923,yes,no,unknown,15,may,104,2,-1,0,unknown,no
45,admin,married,secondary,no,0,no,no,cellular,19,aug,145,10,-1,0,unknown,no
36,technician,single,secondary,no,9149,yes,no,cellular,13,aug,141,3,-1,0,unknown,no
39,management,married,secondary,no,1072,yes,no,unknown,27,may,1168,2,-1,0,unknown,no
31,management,married,tertiary,no,4148,yes,no,cellular,21,nov,316,3,99,9,other,no
42,blue-collar,married,secondary,no,130,yes,no,unknown,29,may,285,1,-1,0,unknown,no
59,retired,married,primary,no,0,yes,no,unknown,26,may,104,7,-1,0,unknown,no
49,management,married,secondary,no,1623,yes,no,cellular,19,nov,1081,2,-1,0,unknown,no
42,blue-collar,married,primary,no,260,yes,no,telephone,31,jul,175,2,-1,0,unknown,no
29,management,single,tertiary,no,21,yes,no,cellular,14,may,107,4,371,3,failure,no
31,blue-collar,single,primary,no,2488,yes,no,cellular,20,apr,14,1,-1,0,unknown,no
30,admin,married,secondary,no,2678,yes,no,cellular,18,may,23,5,-1,0,unknown,no
47,housemaid,married,primary,no,0,no,no,cellular,10,aug,1225,2,-1,0,unknown,no
48,technician,married,secondary,no,5,no,no,unknown,9,jun,65,6,-1,0,unknown,no
43,management,married,tertiary,no,422,no,no,cellular,12,aug,110,1,-1,0,unknown,no
39,management,single,tertiary,no,3797,no,no,cellular,2,jun,96,2,-1,0,unknown,no
31,blue-collar,single,secondary,no,16,no,no,cellular,7,jul,387,1,-1,0,unknown,no
53,unemployed,married,secondary,no,94,no,no,cellular,10,aug,493,1,181,14,success,yes
52,unemployed,married,primary,no,-110,no,yes,cellular,29,jan,141,1,-1,0,unknown,no
35,student,single,unknown,no,0,no,no,telephone,28,jan,122,3,-1,0,unknown,no
49,services,married,secondary,no,2201,yes,no,unknown,15,may,233,3,-1,0,unknown,no
45,technician,married,secondary,no,1415,yes,no,cellular,24,jul,311,1,-1,0,unknown,no
36,services,married,secondary,no,257,yes,no,cellular,12,may,86,2,-1,0,unknown,no
49,blue-collar,married,unknown,no,3096,no,no,unknown,16,jun,147,2,-1,0,unknown,no
40,self-employed,married,primary,no,2077,yes,no,cellular,13,may,363,1,173,24,other,no
25,admin,married,secondary,no,894,yes,no,unknown,28,may,328,1,-1,0,unknown,no
39,blue-collar,married,secondary,no,8,no,no,cellular,30,jul,88,3,-1,0,unknown,no
52,blue-collar,married,primary,no,1141,yes,no,cellular,12,may,22,5,-1,0,unknown,no
32,admin,single,secondary,no,1649,no,no,cellular,27,may,204,2,-1,0,unknown,no
34,management,married,secondary,no,15,no,no,cellular,25,aug,184,7,-1,0,unknown,no
46,management,married,tertiary,no,-3,no,no,cellular,28,aug,205,2,-1,0,unknown,no
50,blue-collar,married,primary,no,4108,yes,no,cellular,7,aug,526,2,-1,0,unknown,no
32,services,married,secondary,no,180,yes,no,telephone,15,may,45,2,-1,0,unknown,no
53,blue-collar,married,primary,no,238,yes,no,cellular,11,may,238,2,361,5,failure,no
26,admin,single,secondary,no,3529,no,yes,cellular,7,sep,57,2,-1,0,unknown,no
47,unknown,married,unknown,no,677,no,no,cellular,7,aug,384,1,99,4,success,yes
34,admin,married,tertiary,no,899,yes,no,telephone,19,nov,377,3,7,4,success,yes
33,management,single,tertiary,no,1998,no,no,cellular,19,nov,570,1,-1,0,unknown,no
37,entrepreneur,married,tertiary,no,836,yes,no,unknown,27,may,129,2,-1,0,unknown,no
35,management,married,tertiary,no,317,yes,no,unknown,23,may,162,3,-1,0,unknown,no
54,management,married,primary,no,3859,no,yes,cellular,20,nov,104,3,-1,0,unknown,no
36,technician,divorced,tertiary,no,1174,yes,no,cellular,18,nov,192,2,-1,0,unknown,no
39,technician,married,tertiary,no,14,no,no,cellular,28,jan,114,2,-1,0,unknown,no
50,self-employed,married,secondary,no,2061,yes,yes,cellular,29,jan,197,2,244,3,failure,no
50,management,married,tertiary,no,4,no,no,cellular,17,nov,223,1,96,2,failure,no
37,self-employed,married,secondary,no,215,yes,no,unknown,6,jun,61,1,-1,0,unknown,no
44,blue-collar,married,primary,no,-237,yes,no,telephone,10,jul,73,1,-1,0,unknown,no
56,management,divorced,tertiary,no,442,no,no,unknown,28,may,77,3,-1,0,unknown,no
37,management,divorced,tertiary,no,896,no,yes,cellular,14,aug,343,2,-1,0,unknown,no
33,blue-collar,divorced,primary,no,142,yes,no,telephone,11,may,41,2,300,5,failure,no
29,blue-collar,single,secondary,no,309,yes,no,cellular,11,may,471,3,-1,0,unknown,no
36,management,married,tertiary,no,222,yes,no,cellular,6,may,317,1,169,2,failure,no
49,blue-collar,married,primary,no,474,yes,yes,telephone,9,feb,152,3,221,1,failure,no
29,blue-collar,married,secondary,no,228,yes,no,cellular,11,may,12,8,342,9,failure,no
41,admin,married,tertiary,no,1536,no,no,cellular,4,may,54,2,-1,0,unknown,no
42,unemployed,single,secondary,no,2613,yes,no,cellular,30,jul,174,6,-1,0,unknown,no
49,housemaid,divorced,primary,no,198,yes,no,unknown,13,may,205,3,-1,0,unknown,no
36,management,married,tertiary,no,925,no,no,cellular,14,dec,321,3,189,4,success,yes
35,technician,married,secondary,no,251,yes,yes,unknown,1,jul,128,3,-1,0,unknown,no
56,admin,married,unknown,no,2038,no,no,cellular,8,feb,405,1,305,1,success,yes
36,blue-collar,single,primary,no,1313,yes,no,unknown,20,jun,8,10,-1,0,unknown,no
45,blue-collar,married,primary,no,1291,yes,no,cellular,28,aug,189,17,-1,0,unknown,no
43,blue-collar,married,secondary,no,105,no,yes,cellular,4,jul,668,2,-1,0,unknown,no
32,services,married,secondary,no,61,yes,no,cellular,8,jul,529,5,-1,0,unknown,no
77,retired,married,tertiary,no,0,no,no,cellular,16,oct,847,1,60,1,success,yes
44,unemployed,single,primary,no,4232,no,no,unknown,16,jun,227,1,-1,0,unknown,no
37,blue-collar,married,secondary,no,196,yes,no,unknown,5,jun,66,3,-1,0,unknown,no
41,blue-collar,married,primary,no,-516,no,yes,telephone,8,jul,554,3,-1,0,unknown,no
36,services,married,secondary,no,1981,no,no,unknown,17,jun,48,2,-1,0,unknown,no
49,admin,married,secondary,no,2465,no,no,cellular,20,aug,157,3,-1,0,unknown,no
36,management,married,tertiary,no,1852,no,no,unknown,8,may,362,1,-1,0,unknown,no
39,entrepreneur,married,tertiary,no,83,yes,no,cellular,11,jul,193,2,-1,0,unknown,no
37,services,married,secondary,no,658,yes,no,telephone,23,jul,175,1,-1,0,unknown,no
36,management,single,tertiary,no,876,yes,no,unknown,23,may,241,2,-1,0,unknown,no
52,unemployed,married,secondary,no,-9,no,no,unknown,9,jun,123,1,-1,0,unknown,no
31,blue-collar,divorced,secondary,no,-452,yes,no,unknown,26,may,182,5,-1,0,unknown,no
57,services,married,tertiary,no,10,no,no,telephone,8,jul,320,3,-1,0,unknown,no
34,blue-collar,married,secondary,no,250,yes,no,unknown,29,may,193,6,-1,0,unknown,no
39,self-employed,single,tertiary,no,426,no,no,unknown,18,jun,1029,1,-1,0,unknown,no
39,technician,divorced,secondary,no,902,yes,no,cellular,10,feb,691,2,180,5,failure,no
52,entrepreneur,divorced,primary,no,278,yes,no,unknown,7,may,688,2,-1,0,unknown,no
44,blue-collar,single,primary,no,787,yes,no,unknown,30,may,570,2,-1,0,unknown,no
41,admin,married,secondary,no,8238,yes,yes,unknown,30,may,124,4,-1,0,unknown,no
43,technician,married,secondary,no,764,yes,no,cellular,14,jul,557,5,-1,0,unknown,no
45,management,married,tertiary,no,242,no,no,cellular,30,apr,587,1,-1,0,unknown,no
45,blue-collar,married,primary,no,2128,yes,no,unknown,19,may,149,4,-1,0,unknown,no
60,housemaid,married,primary,no,517,no,no,unknown,12,jun,1178,3,-1,0,unknown,no
35,technician,married,secondary,no,13658,yes,no,telephone,9,dec,220,2,-1,0,unknown,no
43,services,married,secondary,no,978,yes,yes,unknown,26,may,82,2,-1,0,unknown,no
52,blue-collar,married,secondary,no,2087,yes,no,cellular,31,aug,267,1,474,1,failure,no
35,management,divorced,tertiary,no,473,no,yes,cellular,5,aug,37,2,-1,0,unknown,no
31,management,married,tertiary,no,2603,yes,no,cellular,11,feb,280,4,-1,0,unknown,no
38,unemployed,married,secondary,no,-673,yes,no,unknown,26,may,364,1,-1,0,unknown,no
36,management,divorced,tertiary,no,3611,yes,no,unknown,4,jun,347,3,-1,0,unknown,no
31,student,single,tertiary,no,64,no,no,cellular,15,sep,208,1,105,2,success,yes
67,retired,married,tertiary,no,701,no,no,cellular,6,aug,254,2,-1,0,unknown,no
30,technician,single,tertiary,no,60,yes,yes,unknown,7,may,306,5,-1,0,unknown,no
47,technician,married,unknown,no,2106,yes,no,unknown,6,may,168,1,-1,0,unknown,no
34,management,single,tertiary,no,5086,no,no,cellular,25,may,213,4,-1,0,unknown,no
44,management,married,tertiary,no,724,yes,no,cellular,17,nov,157,2,172,1,failure,no
49,technician,single,secondary,no,-97,yes,no,unknown,6,jun,92,2,-1,0,unknown,no
50,blue-collar,married,secondary,no,253,yes,yes,cellular,5,may,475,2,-1,0,unknown,no
34,blue-collar,married,secondary,no,622,yes,no,unknown,21,may,145,1,-1,0,unknown,no
36,technician,married,tertiary,no,60,no,no,cellular,19,aug,209,2,-1,0,unknown,no
26,student,single,secondary,no,279,no,no,cellular,7,may,239,3,-1,0,unknown,no
33,blue-collar,single,secondary,no,13494,yes,no,unknown,20,jun,27,25,-1,0,unknown,no
50,management,married,tertiary,no,19447,yes,yes,cellular,21,nov,166,1,-1,0,unknown,no
42,management,married,tertiary,no,251,no,no,cellular,20,aug,413,2,-1,0,unknown,no
60,technician,single,primary,no,11262,no,no,cellular,26,aug,323,1,-1,0,unknown,no
57,technician,married,secondary,no,0,no,no,unknown,13,may,44,1,-1,0,unknown,no
42,entrepreneur,married,primary,yes,66,yes,yes,cellular,6,feb,139,1,-1,0,unknown,no
35,blue-collar,single,primary,no,293,yes,no,unknown,30,may,521,2,-1,0,unknown,no
72,blue-collar,married,primary,no,4415,no,no,telephone,13,oct,120,1,-1,0,unknown,no
36,management,married,tertiary,no,61,no,yes,cellular,19,aug,452,2,-1,0,unknown,no
54,technician,married,secondary,no,0,no,no,telephone,14,aug,159,2,106,6,success,yes
58,management,married,tertiary,no,541,yes,no,cellular,8,may,98,1,-1,0,unknown,no
50,unemployed,divorced,secondary,no,717,yes,no,cellular,30,jan,113,1,-1,0,unknown,no
40,blue-collar,married,primary,no,1206,no,yes,telephone,16,jul,201,5,-1,0,unknown,no
35,management,single,tertiary,no,2486,yes,no,cellular,25,may,265,1,-1,0,unknown,no
51,technician,married,secondary,no,143,yes,no,unknown,16,may,627,1,-1,0,unknown,no
42,technician,married,secondary,no,613,yes,no,cellular,11,may,432,2,-1,0,unknown,no
45,admin,married,unknown,no,2033,no,no,cellular,30,nov,123,1,186,4,failure,no
35,management,single,tertiary,no,0,no,no,cellular,29,aug,669,6,-1,0,unknown,no
27,services,single,secondary,no,-124,no,no,cellular,18,jul,217,1,-1,0,unknown,no
40,admin,single,secondary,no,263,yes,no,unknown,6,may,231,1,-1,0,unknown,no
31,management,married,tertiary,no,6290,no,no,cellular,20,nov,303,2,-1,0,unknown,no
30,management,married,tertiary,no,877,no,no,cellular,13,aug,202,1,83,5,failure,no
49,admin,married,secondary,no,14440,yes,no,cellular,21,nov,60,1,-1,0,unknown,no
34,admin,married,secondary,no,244,yes,no,cellular,31,jul,56,4,-1,0,unknown,no
31,blue-collar,married,secondary,no,401,no,no,cellular,14,aug,96,3,-1,0,unknown,no
46,housemaid,married,primary,no,0,no,no,telephone,2,feb,161,1,-1,0,unknown,no
54,self-employed,married,secondary,no,641,yes,no,cellular,17,apr,472,1,148,2,failure,no
29,unemployed,single,tertiary,no,991,no,no,cellular,5,feb,563,1,-1,0,unknown,no
58,services,divorced,secondary,no,462,no,no,cellular,13,nov,495,1,93,1,success,yes
50,technician,married,secondary,no,669,yes,no,unknown,2,jun,88,1,-1,0,unknown,no
26,blue-collar,married,secondary,no,128,no,no,unknown,4,jul,355,1,-1,0,unknown,no
32,technician,married,secondary,no,253,yes,no,unknown,4,jun,257,3,-1,0,unknown,no
44,management,divorced,tertiary,no,476,yes,yes,unknown,26,may,127,2,-1,0,unknown,no
36,management,married,tertiary,no,1477,no,no,cellular,7,aug,71,2,-1,0,unknown,no
30,management,married,secondary,no,-559,yes,yes,cellular,7,may,98,1,167,2,failure,no
26,services,single,secondary,no,127,yes,yes,cellular,23,jul,85,3,-1,0,unknown,no
36,services,married,secondary,no,3064,yes,no,telephone,11,may,1143,4,-1,0,unknown,no
28,student,single,secondary,no,330,no,no,telephone,2,feb,197,1,-1,0,unknown,no
45,blue-collar,married,secondary,no,4365,no,yes,cellular,9,feb,45,2,-1,0,unknown,no
44,management,single,tertiary,no,5063,no,no,cellular,27,oct,418,2,-1,0,unknown,no
31,blue-collar,married,secondary,no,472,yes,no,unknown,13,may,907,2,-1,0,unknown,no
40,management,married,primary,no,733,yes,no,unknown,6,jun,94,7,-1,0,unknown,no
50,admin,divorced,secondary,no,769,no,no,cellular,28,jul,72,2,363,4,failure,no
37,services,single,secondary,no,21,yes,no,cellular,2,feb,96,1,271,2,other,no
35,management,married,tertiary,no,106,no,yes,cellular,11,aug,588,2,-1,0,unknown,no
34,blue-collar,married,secondary,no,470,yes,yes,cellular,20,apr,217,1,-1,0,unknown,no
42,services,married,secondary,no,508,yes,no,unknown,30,may,70,1,-1,0,unknown,no
60,admin,married,secondary,no,3735,no,no,cellular,22,dec,190,1,188,9,success,yes
31,technician,married,secondary,no,589,yes,yes,unknown,21,may,151,1,-1,0,unknown,no
55,blue-collar,married,primary,no,3873,no,no,telephone,21,apr,222,1,-1,0,unknown,no
35,entrepreneur,single,secondary,no,475,no,yes,cellular,21,jul,936,4,-1,0,unknown,no
36,blue-collar,married,secondary,no,141,yes,no,unknown,23,may,106,3,-1,0,unknown,no
48,blue-collar,married,secondary,no,149,yes,no,unknown,9,may,71,1,-1,0,unknown,no
40,services,married,secondary,no,-342,yes,no,unknown,26,may,754,1,-1,0,unknown,no
47,management,married,tertiary,no,109,yes,no,cellular,22,jul,268,1,-1,0,unknown,no
47,services,divorced,secondary,no,164,no,no,unknown,5,may,212,1,-1,0,unknown,no
45,technician,married,primary,no,-322,no,no,unknown,9,jun,225,2,-1,0,unknown,no
31,technician,single,tertiary,no,1214,no,no,cellular,3,feb,39,1,-1,0,unknown,no
34,technician,married,secondary,no,47,no,no,cellular,25,aug,132,6,-1,0,unknown,no
28,technician,married,secondary,no,232,yes,yes,cellular,29,jan,72,1,261,1,failure,no
47,management,divorced,tertiary,no,447,no,yes,unknown,7,may,126,1,-1,0,unknown,no
54,admin,married,secondary,no,865,yes,no,cellular,17,nov,71,1,-1,0,unknown,no
31,entrepreneur,single,tertiary,no,1957,no,no,cellular,4,feb,112,3,-1,0,unknown,no
42,housemaid,married,primary,no,83,no,yes,cellular,7,aug,184,1,-1,0,unknown,no
26,admin,single,secondary,no,321,yes,no,cellular,22,jul,242,7,-1,0,unknown,no
46,management,divorced,tertiary,no,6269,yes,no,telephone,18,nov,249,3,112,2,failure,no
29,services,married,secondary,no,57,yes,no,telephone,21,jul,342,9,-1,0,unknown,no
35,technician,married,secondary,no,2789,yes,no,cellular,4,sep,256,2,94,1,failure,no
20,student,single,secondary,no,502,no,no,cellular,30,apr,261,1,-1,0,unknown,no
58,retired,married,secondary,no,235,no,no,cellular,27,aug,88,4,-1,0,unknown,no
28,management,single,tertiary,no,231,yes,yes,cellular,25,jul,568,2,-1,0,unknown,no
32,technician,divorced,secondary,no,202,yes,no,cellular,4,feb,429,1,201,1,failure,no
46,technician,divorced,secondary,no,-90,no,yes,telephone,17,oct,270,1,-1,0,unknown,no
45,admin,married,secondary,no,-388,yes,no,cellular,14,jul,175,2,-1,0,unknown,no
38,unemployed,married,primary,no,-363,no,no,unknown,12,jun,340,2,-1,0,unknown,no
38,self-employed,single,secondary,no,1146,yes,no,unknown,21,may,91,2,-1,0,unknown,no
57,retired,married,secondary,no,49,yes,yes,cellular,25,aug,93,4,-1,0,unknown,no
53,services,married,secondary,no,1378,yes,no,cellular,18,jul,91,2,-1,0,unknown,no
43,blue-collar,married,primary,no,2519,yes,no,cellular,16,apr,257,2,146,9,other,no
42,blue-collar,married,primary,no,704,yes,yes,telephone,31,jul,88,10,-1,0,unknown,no
30,services,single,primary,no,79,yes,no,cellular,15,may,317,1,-1,0,unknown,no
35,management,single,tertiary,no,0,no,yes,cellular,14,aug,370,4,-1,0,unknown,no
34,management,married,secondary,no,-294,yes,no,unknown,27,may,532,2,-1,0,unknown,no
41,blue-collar,married,secondary,no,-256,yes,no,unknown,3,jun,147,2,-1,0,unknown,no
29,technician,single,tertiary,no,2325,no,no,cellular,2,feb,125,1,-1,0,unknown,no
32,technician,single,tertiary,no,4665,yes,no,unknown,21,may,860,2,-1,0,unknown,no
40,blue-collar,married,secondary,no,-839,yes,yes,cellular,16,jul,1018,2,-1,0,unknown,no
51,technician,married,tertiary,no,-3,no,no,cellular,25,aug,91,9,-1,0,unknown,no
37,technician,married,secondary,no,1063,yes,no,cellular,31,jul,413,2,-1,0,unknown,no
56,management,married,unknown,no,353,no,yes,cellular,25,jul,171,2,-1,0,unknown,no
27,student,single,secondary,no,268,yes,no,cellular,13,may,528,1,358,2,failure,no
58,management,married,primary,no,320,yes,no,unknown,30,may,171,2,-1,0,unknown,no
33,blue-collar,divorced,secondary,no,474,no,no,cellular,22,jul,400,2,-1,0,unknown,no
39,admin,single,secondary,no,14,yes,yes,unknown,13,may,19,9,-1,0,unknown,no
43,management,married,secondary,no,-26,yes,no,unknown,16,may,343,1,-1,0,unknown,no
34,blue-collar,married,primary,no,-319,yes,yes,cellular,9,jul,134,4,-1,0,unknown,no
28,technician,single,secondary,no,2034,yes,no,unknown,21,may,196,1,-1,0,unknown,no
57,housemaid,married,primary,no,50,no,no,cellular,18,aug,89,3,-1,0,unknown,no
34,admin,divorced,secondary,no,-251,no,no,cellular,18,jul,641,1,-1,0,unknown,no
54,technician,married,secondary,no,89,yes,no,cellular,10,jul,140,3,-1,0,unknown,no
30,blue-collar,single,secondary,no,6900,no,no,cellular,21,nov,816,1,-1,0,unknown,no
42,housemaid,married,primary,no,14752,no,no,unknown,19,may,107,2,-1,0,unknown,no
33,self-employed,single,secondary,no,238,yes,yes,cellular,5,feb,45,5,-1,0,unknown,no
60,entrepreneur,married,primary,no,0,no,no,telephone,23,jul,40,1,-1,0,unknown,no
43,technician,married,secondary,no,3285,yes,no,unknown,13,may,1721,2,-1,0,unknown,no
37,blue-collar,married,secondary,no,103,yes,no,cellular,12,may,153,1,-1,0,unknown,no
31,services,married,secondary,no,132,no,no,cellular,7,jul,148,1,152,1,other,no
53,technician,divorced,secondary,no,751,yes,no,unknown,16,may,343,4,-1,0,unknown,no
33,management,single,tertiary,no,23,no,no,cellular,20,aug,216,3,-1,0,unknown,no
27,blue-collar,married,secondary,no,818,yes,no,unknown,3,jun,188,5,-1,0,unknown,no
39,admin,divorced,secondary,no,2903,yes,yes,telephone,25,jul,259,2,-1,0,unknown,no
37,blue-collar,single,secondary,no,3561,yes,no,unknown,2,jun,98,1,-1,0,unknown,no
33,blue-collar,married,secondary,no,467,yes,no,unknown,21,may,494,2,-1,0,unknown,no
38,technician,married,secondary,no,0,no,no,cellular,28,aug,82,4,-1,0,unknown,no
34,management,married,tertiary,no,297,yes,no,cellular,26,aug,63,4,-1,0,unknown,no
38,management,single,tertiary,no,493,yes,no,cellular,11,may,553,1,367,7,failure,no
35,technician,single,secondary,no,-51,no,no,unknown,2,jul,134,2,-1,0,unknown,no
32,unemployed,divorced,primary,no,0,no,no,cellular,15,jul,175,4,-1,0,unknown,no
36,technician,divorced,secondary,no,5957,yes,no,cellular,18,nov,138,2,-1,0,unknown,no
43,technician,single,tertiary,no,27733,yes,no,unknown,3,jun,164,7,-1,0,unknown,no
42,housemaid,divorced,tertiary,no,364,no,no,cellular,18,nov,52,1,-1,0,unknown,no
52,self-employed,single,tertiary,no,1623,yes,no,unknown,5,jun,21,17,-1,0,unknown,no
27,technician,single,secondary,no,842,no,no,cellular,30,jul,273,1,91,1,other,no
54,blue-collar,married,unknown,no,310,yes,no,telephone,28,jan,526,4,258,3,other,no
47,management,single,tertiary,no,440,no,no,cellular,21,aug,71,4,-1,0,unknown,no
30,services,single,secondary,no,209,yes,no,unknown,6,may,30,2,-1,0,unknown,no
42,admin,single,secondary,no,30,yes,no,cellular,4,feb,98,1,266,3,failure,no
56,admin,married,secondary,no,1270,yes,no,cellular,17,nov,80,2,165,2,other,no
48,technician,married,secondary,no,197,no,yes,cellular,3,feb,47,2,222,3,other,no
34,housemaid,married,tertiary,no,0,no,no,cellular,26,may,141,1,188,1,failure,no
49,technician,married,unknown,no,323,yes,no,cellular,18,nov,41,2,-1,0,unknown,no
59,services,married,secondary,no,204,no,no,cellular,23,jul,286,2,-1,0,unknown,no
36,entrepreneur,married,tertiary,no,3057,no,no,unknown,16,jun,2769,4,-1,0,unknown,no
25,student,single,secondary,no,304,no,no,cellular,26,may,226,2,-1,0,unknown,no
52,services,married,secondary,no,657,no,no,telephone,7,jul,398,2,460,2,failure,no
59,unknown,married,unknown,no,3940,no,no,unknown,5,jun,48,2,-1,0,unknown,no
47,services,divorced,secondary,no,4906,yes,no,unknown,14,may,389,1,-1,0,unknown,no
32,blue-collar,married,secondary,no,1905,yes,no,cellular,16,jul,709,2,-1,0,unknown,no
30,technician,single,tertiary,no,6619,yes,no,cellular,21,aug,239,8,-1,0,unknown,no
59,technician,married,secondary,no,1,no,no,cellular,15,apr,159,2,378,3,failure,no
67,retired,married,unknown,no,696,no,no,telephone,17,aug,119,1,105,2,failure,no
49,admin,married,secondary,no,197,yes,no,cellular,13,apr,223,1,182,2,failure,no
28,blue-collar,single,secondary,no,6307,yes,no,unknown,28,may,615,1,-1,0,unknown,no
53,entrepreneur,married,tertiary,no,22370,yes,no,unknown,15,may,106,1,-1,0,unknown,no
53,self-employed,married,tertiary,no,2627,yes,yes,unknown,16,jun,18,30,-1,0,unknown,no
50,management,married,tertiary,no,78,yes,no,cellular,14,jan,218,3,161,9,other,no
43,blue-collar,single,primary,no,30,yes,no,unknown,30,may,379,17,-1,0,unknown,no
52,technician,married,secondary,no,1781,yes,no,unknown,19,may,144,2,-1,0,unknown,no
32,blue-collar,married,secondary,no,2,yes,no,cellular,15,may,16,9,309,1,failure,no
27,management,single,tertiary,no,446,no,no,cellular,23,jun,205,3,-1,0,unknown,no
49,self-employed,married,secondary,no,1103,no,no,cellular,12,aug,428,2,-1,0,unknown,no
33,services,married,secondary,no,288,yes,no,cellular,17,apr,306,1,-1,0,unknown,no
26,technician,married,tertiary,no,3825,yes,no,unknown,13,may,107,1,-1,0,unknown,no
37,management,married,tertiary,no,5355,no,no,telephone,17,feb,466,4,-1,0,unknown,no
46,entrepreneur,single,tertiary,no,1410,yes,no,cellular,19,nov,93,1,189,8,failure,no
34,self-employed,single,tertiary,no,462,no,no,cellular,21,aug,1877,3,-1,0,unknown,no
29,self-employed,married,tertiary,no,751,yes,no,unknown,23,may,121,2,-1,0,unknown,no
32,admin,single,secondary,no,45,yes,yes,cellular,14,may,908,3,344,7,other,no
45,housemaid,married,primary,no,7353,no,no,cellular,13,aug,536,2,-1,0,unknown,no
42,management,married,tertiary,no,9009,no,no,cellular,20,nov,135,2,-1,0,unknown,no
37,self-employed,married,secondary,no,487,no,yes,cellular,27,aug,155,15,-1,0,unknown,no
